du_yugcontract_id,base_yugcontract_id,product_id,pictures_raw_count
5924679_du,5924679,b07fb4c6-fedb-4039-8f16-08cb3ce681be,3
5967725_du,5967725,5697bf58-ca11-4da9-98ea-4cb970b50d02,8
6241811_du,6241811,445cd827-a53c-45cd-b475-e9c7a77474fc,7
6284421_du,6284421,3dc52a09-f623-4a84-b15c-d1ae70af7798,4
6313699_du,6313699,9341bbac-d422-4403-b6d3-d53c9f158f0d,4
6349848_du,6349848,e7618289-6f0c-4f83-be4d-fc9916e59c93,1
6376339_du,6376339,f5b93a8f-9d10-4ed9-a49a-835aa2a7e64d,21
6398700_du,6398700,316976a8-beaf-4bcf-a1a2-4371888adfad,8
6446612_du,6446612,51fc603a-c08e-4eb5-8104-8b7c721dc050,4
6474753_du,6474753,2c798ae3-af9d-4a89-bac6-c72b26f8a5e6,1
6482008_du,6482008,4973dc0e-ed30-4c1b-a0ce-822667570c91,1
6489771_du,6489771,6af8b3ca-e281-4819-b064-5abc99a1997b,7
6496818_du,6496818,710691d0-47c7-46c1-b92e-5b3d7ed21be8,6
6521818_du,6521818,33193a17-1d29-49a7-ac90-86c12806a833,2
6527338_du,6527338,fca44d64-c968-48e0-b6e0-53082eca8f82,1
6615810_du,6615810,73acd81b-4e5c-4582-9d55-a5c8b6f0f944,7
6629656_du,6629656,b152af46-66a9-4fb6-9465-26e7b4f7b9f7,11
6651531_du,6651531,c332218a-9be4-4b60-bcfe-48064d28f3b3,3
6655515_du,6655515,895aa41d-aa06-4e62-abb7-2443597df691,12
6661880_du,6661880,a22d5de1-c362-44b0-ab80-94a54d1ad63a,6
6666894_du,6666894,293c09b5-1477-45b2-a89f-e4b54d9b14f5,5
6669622_du,6669622,723b874a-c8a5-4231-b3a9-613b68c073a5,8
6703011_du,6703011,faf7c2de-5091-4627-befa-3fafe9aa1797,2
6711226_du,6711226,4ea8ac07-0561-4a26-b967-ea1b8cd12486,2
6720857_du,6720857,aa587b48-b6c4-4275-b235-7f7268c833fb,4
6745446_du,6745446,51f2c0cb-f9c1-4bc7-accf-daf6a8a0e81b,3
6764593_du,6764593,92fd25d9-09bf-4248-a4b1-ac6cc690624d,6
6790006_du,6790006,3de99cda-3105-4bb9-93cb-ec63314430f1,9
6811303_du,6811303,411c485a-0d20-467e-93ab-700849aa8293,3
6821456_du,6821456,4111003f-3371-45ec-aabd-8db396b61b9a,3
6840744_du,6840744,adbe765e-1ecf-42c6-aea1-f5d152fbd3d5,9
6849632_du,6849632,87134368-eac0-4c9e-9259-ccc7edaabab3,15
6871226_du,6871226,4e6f66a0-737e-4ee5-b767-eb482fcf5d4c,8
6873343_du,6873343,fb12f9ad-35d8-428e-b310-102c183d08fa,12
6875715_du,6875715,c7f3af04-cd81-4a90-91c9-ca6a5241c22f,5
6884549_du,6884549,52db0ea6-b163-4f23-9152-238ce21a3634,5
6885495_du,6885495,1ceaad92-d18e-4873-a6d4-242ec94ae06d,8
6906759_du,6906759,9fff1255-4c23-46d1-88a9-ffd4b232aac9,5
6924604_du,6924604,1add3584-d01a-4689-9dfc-f8091a1ca663,5
6932802_du,6932802,1175e7af-8c86-41e9-b7c6-1c82f49aaf82,18
6932803_du,6932803,a5450cac-1dd4-4314-a11b-1a9d5868e807,18
6965981_du,6965981,aea3da79-d245-4cc1-b888-7730358213e7,10
6966588_du,6966588,6fada6a2-3184-4503-a2fe-21f32526e109,10
6976884_du,6976884,33b81cd3-f13e-48f1-a630-e8a014380363,7
6984892_du,6984892,99f03704-3e57-4bbd-a834-4182b5577b89,9
6985231_du,6985231,c118865f-11fb-49e8-8827-3f025a67a705,12
6988689_du,6988689,b5d5b0c4-2788-4ff9-8175-dcedf3bcb83b,8
6988988_du,6988988,4d06f989-ac5e-4657-8b10-80e560558d4c,4
6990162_du,6990162,7a4dc61f-2499-47a7-928b-92749d5879c7,11
6992422_du,6992422,5da79f8b-bd7e-4f82-a2f7-19d2facc1db9,2
6993614_du,6993614,8935e3a5-e87d-4e0b-818b-899831c63767,12
6993837_du,6993837,2a4b54b1-1232-47ba-bf42-f7b80f5c6480,9
6996159_du,6996159,a9a9909d-9399-42e5-b630-ff03f2368688,12
7007001_du,7007001,9e2b069f-88c9-4139-8576-051d1b0fc1b0,11
7019427_du,7019427,0c640846-8345-4747-b070-a93ce2d55768,5
7022284_du,7022284,03dca09f-6549-4304-b6bd-70fd77880042,15
7023706_du,7023706,de8ee004-213d-472b-8b5f-27e37c1cbbab,11
7024506_du,7024506,b76da1ed-3d71-48b7-b656-9f3a1173315d,19
7024832_du,7024832,e067be73-c35d-45ba-bc39-8abd4ac05a57,6
7025027_du,7025027,b2ef8b6f-4071-4815-af21-4d09ec4db196,19
7030819_du,7030819,20c993bf-b2f4-4fa4-bf0c-6fc695ec5de0,6
7051690_du,7051690,3b405860-c1f4-40ad-9de2-5bc8feecc33a,13
7053687_du,7053687,9af31558-8c61-4932-b0f2-6ebf008ee6dd,13
7056171_du,7056171,c4a2be49-c7b9-4ded-8631-64f5340cca9f,18
7064284_du,7064284,442ad976-f31e-4038-b084-e2f5d4680f21,9
7067155_du,7067155,507d966e-5600-46ca-8c50-2388b2e591c6,3
7083113_du,7083113,5cc88a39-5a2e-4f72-b9ef-16aba5e2bc95,13
7086538_du,7086538,21d9a01d-de0d-42b8-9bc9-00f3757bcab9,7
7088394_du,7088394,06a7dbf1-9705-4a89-a934-594250c90bdc,15
7095348_du,7095348,bd33b1d3-5872-48b8-a70a-bf52d238df4a,12
7109372_du,7109372,17e4045e-a66d-403f-9fb7-c461fd09874b,1
7120201_du,7120201,8ee22be4-fe57-4913-8ece-ca386c14a7f3,2
7138500_du,7138500,05d38056-6260-4e96-bd47-2e045452d73a,15
7153553_du,7153553,eb3f31c5-83e0-4cc6-b125-b2fc65a18884,6
7163805_du,7163805,b932ba3f-afe0-4793-aad9-db5283bbd239,7
7169040_du,7169040,ebeeb021-d664-4631-9e7f-ea31192a72d6,4
7169071_du,7169071,71d5c218-596a-46e5-8d9c-8a571c9e02bc,4
7185654_du,7185654,b73293a9-29cb-48ee-8dbb-5553fb70a043,13
7193446_du,7193446,f1da589d-12ac-42f3-a545-9a3cda2646fc,1
7198084_du,7198084,443fed34-ed76-4d5c-989f-4f7c62719d49,8
7198085_du,7198085,fcb11d67-01f9-4f5b-97da-d5957da8146b,8
7200561_du,7200561,037d0a7f-2e0e-412a-96cb-cffa94702872,2
7204300_du,7204300,134a9643-4e2c-4a1a-bc62-6002f79932f4,16
7205163_du,7205163,0c186880-415f-4ca7-beb7-6a5107e78794,15
7220881_du,7220881,633ff3c0-cd27-4d62-b3e8-6f51a6a6012a,3
7220882_du,7220882,0ed60444-b270-4dec-937f-e58ce6adcfe1,6
7220896_du,7220896,65cfd144-0d78-47ee-bf6d-3080c563d808,6
7220910_du,7220910,872cc282-cbc7-41db-992a-3deface1798f,3
7220911_du,7220911,7a93df03-7dd3-421d-915b-e40c2d3c4d2f,7
7221668_du,7221668,4cd84b8e-8de3-42ec-b994-f89e04d945d7,3
7224534_du,7224534,44cb4ca2-ed0b-4297-adb5-3044c0d60446,16
7229839_du,7229839,5aec43c5-3fff-40da-b087-c01a0c501380,11
7232191_du,7232191,b4f20942-4be2-49ee-87f5-c7c326f38a6f,9
7232192_du,7232192,d5eb2363-ca59-4469-a1a1-4bfffe3deeb2,16
7240037_du,7240037,feedc968-40ed-4a67-a0bd-94b5c839adc5,6
7243919_du,7243919,b2bbfa69-1fa3-4cc1-af4b-3cdfa818a8a4,1
7246355_du,7246355,6e03d53c-5c3c-40fd-817f-85e839b37317,5
7248612_du,7248612,cb9ea3f0-4ef3-44db-8ed0-4d865c795284,8
7259030_du,7259030,2129c736-07b4-4871-99d3-70a19a11f89a,30
7262655_du,7262655,9c3e5544-c995-4b8c-8c3d-688322387de1,14
7264937_du,7264937,7dc9ab4d-2320-427a-a1fc-36f526578161,3
7269799_du,7269799,381508eb-67ef-4d56-8e56-37572af817ec,11
7270046_du,7270046,a1c94e52-4e31-4d56-825a-5da587174a2a,21
7270074_du,7270074,4467832d-4937-489b-b06f-5b0765889366,8
7278766_du,7278766,4acada94-8933-4015-ab87-e83c654dc2fb,9
7282004_du,7282004,89dd08a2-0d05-47f9-a8ed-f6de93df5b6f,14
7283135_du,7283135,2dca1863-00f7-4280-aae8-bc428c6cac32,7
7290718_du,7290718,ee3b607d-f6b8-43a1-ab5e-7d6bcd168f91,7
7290720_du,7290720,0bee88a8-4d0a-4e7f-a105-a2d3a101295c,8
7291169_du,7291169,a7ec11dd-5615-4dce-89d8-15749be65840,20
7297145_du,7297145,c3dd8e61-8f1e-4a29-b0cf-81516700e42c,11
